date,date_id,year,month,month_name,quarter,day,day_name,week,is_weekend
2016-09-04 21:15:19,20160904,2016,9,September,3,4,Sunday,35,1
2016-09-05 00:15:34,20160905,2016,9,September,3,5,Monday,36,0
2016-09-13 15:24:19,20160913,2016,9,September,3,13,Tuesday,37,0
2016-09-15 12:16:38,20160915,2016,9,September,3,15,Thursday,37,0
2016-10-02 22:07:52,20161002,2016,10,October,4,2,Sunday,39,1
2016-10-03 22:31:31,20161003,2016,10,October,4,3,Monday,40,0
2016-10-04 14:13:22,20161004,2016,10,October,4,4,Tuesday,40,0
2016-10-05 22:44:13,20161005,2016,10,October,4,5,Wednesday,40,0
2016-10-06 11:05:43,20161006,2016,10,October,4,6,Thursday,40,0
2016-10-07 00:54:40,20161007,2016,10,October,4,7,Friday,40,0
2016-10-08 08:25:32,20161008,2016,10,October,4,8,Saturday,40,1
2016-10-09 22:36:44,20161009,2016,10,October,4,9,Sunday,40,1
2016-10-10 11:08:53,20161010,2016,10,October,4,10,Monday,41,0
2016-10-22 08:25:27,20161022,2016,10,October,4,22,Saturday,42,1
2016-12-23 23:16:47,20161223,2016,12,December,4,23,Friday,51,0
2017-01-05 13:34:35,20170105,2017,1,January,1,5,Thursday,1,0
2017-01-06 13:43:16,20170106,2017,1,January,1,6,Friday,1,0
2017-01-07 17:20:56,20170107,2017,1,January,1,7,Saturday,1,1
2017-01-08 19:27:22,20170108,2017,1,January,1,8,Sunday,1,1
2017-01-09 21:31:15,20170109,2017,1,January,1,9,Monday,2,0
2017-01-10 13:58:33,20170110,2017,1,January,1,10,Tuesday,2,0
2017-01-11 00:13:51,20170111,2017,1,January,1,11,Wednesday,2,0
2017-01-12 23:42:50,20170112,2017,1,January,1,12,Thursday,2,0
2017-01-13 11:06:56,20170113,2017,1,January,1,13,Friday,2,0
2017-01-14 15:42:20,20170114,2017,1,January,1,14,Saturday,2,1
2017-01-15 18:57:33,20170115,2017,1,January,1,15,Sunday,2,1
2017-01-16 14:24:22,20170116,2017,1,January,1,16,Monday,3,0
2017-01-17 10:49:05,20170117,2017,1,January,1,17,Tuesday,3,0
2017-01-18 17:44:05,20170118,2017,1,January,1,18,Wednesday,3,0
2017-01-19 22:41:52,20170119,2017,1,January,1,19,Thursday,3,0
2017-01-20 11:12:25,20170120,2017,1,January,1,20,Friday,3,0
2017-01-21 17:08:01,20170121,2017,1,January,1,21,Saturday,3,1
2017-01-22 14:09:03,20170122,2017,1,January,1,22,Sunday,3,1
2017-01-23 18:29:09,20170123,2017,1,January,1,23,Monday,4,0
2017-01-24 15:59:17,20170124,2017,1,January,1,24,Tuesday,4,0
2017-01-25 15:47:27,20170125,2017,1,January,1,25,Wednesday,4,0
2017-01-26 16:25:36,20170126,2017,1,January,1,26,Thursday,4,0
2017-01-27 00:34:10,20170127,2017,1,January,1,27,Friday,4,0
2017-01-28 23:45:53,20170128,2017,1,January,1,28,Saturday,4,1
2017-01-29 22:14:49,20170129,2017,1,January,1,29,Sunday,4,1
2017-01-30 14:51:21,20170130,2017,1,January,1,30,Monday,5,0
2017-01-31 17:14:07,20170131,2017,1,January,1,31,Tuesday,5,0
2017-02-01 20:59:12,20170201,2017,2,February,1,1,Wednesday,5,0
2017-02-02 23:24:24,20170202,2017,2,February,1,2,Thursday,5,0
2017-02-03 20:30:42,20170203,2017,2,February,1,3,Friday,5,0
2017-02-04 23:27:50,20170204,2017,2,February,1,4,Saturday,5,1
2017-02-05 11:58:04,20170205,2017,2,February,1,5,Sunday,5,1
2017-02-06 15:43:18,20170206,2017,2,February,1,6,Monday,6,0
2017-02-07 12:01:07,20170207,2017,2,February,1,7,Tuesday,6,0
2017-02-08 18:00:36,20170208,2017,2,February,1,8,Wednesday,6,0
2017-02-09 23:19:27,20170209,2017,2,February,1,9,Thursday,6,0
2017-02-10 16:37:55,20170210,2017,2,February,1,10,Friday,6,0
2017-02-11 10:53:48,20170211,2017,2,February,1,11,Saturday,6,1
2017-02-12 18:48:56,20170212,2017,2,February,1,12,Sunday,6,1
2017-02-13 09:35:10,20170213,2017,2,February,1,13,Monday,7,0
2017-02-14 15:39:32,20170214,2017,2,February,1,14,Tuesday,7,0
2017-02-15 09:41:08,20170215,2017,2,February,1,15,Wednesday,7,0
2017-02-16 09:42:48,20170216,2017,2,February,1,16,Thursday,7,0
2017-02-17 17:37:52,20170217,2017,2,February,1,17,Friday,7,0
2017-02-18 10:39:14,20170218,2017,2,February,1,18,Saturday,7,1
2017-02-19 14:41:38,20170219,2017,2,February,1,19,Sunday,7,1
2017-02-20 11:45:39,20170220,2017,2,February,1,20,Monday,8,0
2017-02-21 04:13:37,20170221,2017,2,February,1,21,Tuesday,8,0
2017-02-22 13:22:13,20170222,2017,2,February,1,22,Wednesday,8,0
2017-02-23 08:03:00,20170223,2017,2,February,1,23,Thursday,8,0
2017-02-24 15:13:02,20170224,2017,2,February,1,24,Friday,8,0
2017-02-25 14:34:40,20170225,2017,2,February,1,25,Saturday,8,1
2017-02-26 17:33:51,20170226,2017,2,February,1,26,Sunday,8,1
2017-02-27 19:54:44,20170227,2017,2,February,1,27,Monday,9,0
2017-02-28 17:28:52,20170228,2017,2,February,1,28,Tuesday,9,0
2017-03-01 18:29:06,20170301,2017,3,March,1,1,Wednesday,9,0
2017-03-02 11:20:23,20170302,2017,3,March,1,2,Thursday,9,0
2017-03-03 00:14:01,20170303,2017,3,March,1,3,Friday,9,0
2017-03-04 09:55:08,20170304,2017,3,March,1,4,Saturday,9,1
2017-03-05 22:44:58,20170305,2017,3,March,1,5,Sunday,9,1
2017-03-06 00:14:28,20170306,2017,3,March,1,6,Monday,10,0
2017-03-07 11:47:20,20170307,2017,3,March,1,7,Tuesday,10,0
2017-03-08 19:55:23,20170308,2017,3,March,1,8,Wednesday,10,0
2017-03-09 22:17:49,20170309,2017,3,March,1,9,Thursday,10,0
2017-03-10 11:45:28,20170310,2017,3,March,1,10,Friday,10,0
2017-03-11 00:05:55,20170311,2017,3,March,1,11,Saturday,10,1
2017-03-12 19:04:41,20170312,2017,3,March,1,12,Sunday,10,1
2017-03-13 18:14:36,20170313,2017,3,March,1,13,Monday,11,0
2017-03-14 16:25:43,20170314,2017,3,March,1,14,Tuesday,11,0
2017-03-15 15:54:53,20170315,2017,3,March,1,15,Wednesday,11,0
2017-03-16 09:47:59,20170316,2017,3,March,1,16,Thursday,11,0
2017-03-17 18:21:51,20170317,2017,3,March,1,17,Friday,11,0
2017-03-18 15:22:19,20170318,2017,3,March,1,18,Saturday,11,1
2017-03-19 23:15:51,20170319,2017,3,March,1,19,Sunday,11,1
2017-03-20 17:15:11,20170320,2017,3,March,1,20,Monday,12,0
2017-03-21 11:33:31,20170321,2017,3,March,1,21,Tuesday,12,0
2017-03-22 17:25:28,20170322,2017,3,March,1,22,Wednesday,12,0
2017-03-23 12:21:17,20170323,2017,3,March,1,23,Thursday,12,0
2017-03-24 15:50:46,20170324,2017,3,March,1,24,Friday,12,0
2017-03-25 23:51:57,20170325,2017,3,March,1,25,Saturday,12,1
2017-03-26 21:42:57,20170326,2017,3,March,1,26,Sunday,12,1
2017-03-27 14:04:58,20170327,2017,3,March,1,27,Monday,13,0
2017-03-28 16:03:34,20170328,2017,3,March,1,28,Tuesday,13,0
2017-03-29 23:16:20,20170329,2017,3,March,1,29,Wednesday,13,0
2017-03-30 07:50:33,20170330,2017,3,March,1,30,Thursday,13,0
2017-03-31 11:30:55,20170331,2017,3,March,1,31,Friday,13,0
2017-04-01 17:11:03,20170401,2017,4,April,2,1,Saturday,13,1
2017-04-02 16:09:55,20170402,2017,4,April,2,2,Sunday,13,1
2017-04-03 23:09:50,20170403,2017,4,April,2,3,Monday,14,0
2017-04-04 13:15:05,20170404,2017,4,April,2,4,Tuesday,14,0
2017-04-05 00:11:11,20170405,2017,4,April,2,5,Wednesday,14,0
2017-04-06 22:39:29,20170406,2017,4,April,2,6,Thursday,14,0
2017-04-07 10:07:39,20170407,2017,4,April,2,7,Friday,14,0
2017-04-08 13:01:30,20170408,2017,4,April,2,8,Saturday,14,1
2017-04-09 17:54:27,20170409,2017,4,April,2,9,Sunday,14,1
2017-04-10 14:29:16,20170410,2017,4,April,2,10,Monday,15,0
2017-04-11 12:22:08,20170411,2017,4,April,2,11,Tuesday,15,0
2017-04-12 02:16:32,20170412,2017,4,April,2,12,Wednesday,15,0
2017-04-13 17:26:06,20170413,2017,4,April,2,13,Thursday,15,0
2017-04-14 22:06:32,20170414,2017,4,April,2,14,Friday,15,0
2017-04-15 23:53:50,20170415,2017,4,April,2,15,Saturday,15,1
2017-04-16 12:16:18,20170416,2017,4,April,2,16,Sunday,15,1
2017-04-17 14:48:17,20170417,2017,4,April,2,17,Monday,16,0
2017-04-18 16:00:31,20170418,2017,4,April,2,18,Tuesday,16,0
2017-04-19 13:45:55,20170419,2017,4,April,2,19,Wednesday,16,0
2017-04-20 17:15:46,20170420,2017,4,April,2,20,Thursday,16,0
2017-04-21 20:23:41,20170421,2017,4,April,2,21,Friday,16,0
2017-04-22 19:26:47,20170422,2017,4,April,2,22,Saturday,16,1
2017-04-23 21:14:56,20170423,2017,4,April,2,23,Sunday,16,1
2017-04-24 09:37:26,20170424,2017,4,April,2,24,Monday,17,0
2017-04-25 13:35:09,20170425,2017,4,April,2,25,Tuesday,17,0
2017-04-26 16:14:11,20170426,2017,4,April,2,26,Wednesday,17,0
2017-04-27 11:08:59,20170427,2017,4,April,2,27,Thursday,17,0
2017-04-28 14:20:07,20170428,2017,4,April,2,28,Friday,17,0
2017-04-29 20:09:24,20170429,2017,4,April,2,29,Saturday,17,1
2017-04-30 22:43:56,20170430,2017,4,April,2,30,Sunday,17,1
2017-05-01 15:01:03,20170501,2017,5,May,2,1,Monday,18,0
2017-05-02 16:35:06,20170502,2017,5,May,2,2,Tuesday,18,0
2017-05-03 14:31:43,20170503,2017,5,May,2,3,Wednesday,18,0
2017-05-04 15:20:54,20170504,2017,5,May,2,4,Thursday,18,0
2017-05-05 13:48:37,20170505,2017,5,May,2,5,Friday,18,0
2017-05-06 11:20:18,20170506,2017,5,May,2,6,Saturday,18,1
2017-05-07 13:53:39,20170507,2017,5,May,2,7,Sunday,18,1
2017-05-08 12:22:44,20170508,2017,5,May,2,8,Monday,19,0
2017-05-09 20:48:59,20170509,2017,5,May,2,9,Tuesday,19,0
2017-05-10 14:03:27,20170510,2017,5,May,2,10,Wednesday,19,0
2017-05-11 09:13:17,20170511,2017,5,May,2,11,Thursday,19,0
2017-05-12 10:51:43,20170512,2017,5,May,2,12,Friday,19,0
2017-05-13 17:42:39,20170513,2017,5,May,2,13,Saturday,19,1
2017-05-14 20:28:25,20170514,2017,5,May,2,14,Sunday,19,1
2017-05-15 16:29:03,20170515,2017,5,May,2,15,Monday,20,0
2017-05-16 13:10:30,20170516,2017,5,May,2,16,Tuesday,20,0
2017-05-17 08:36:11,20170517,2017,5,May,2,17,Wednesday,20,0
2017-05-18 13:55:47,20170518,2017,5,May,2,18,Thursday,20,0
2017-05-19 18:53:40,20170519,2017,5,May,2,19,Friday,20,0
2017-05-20 02:48:00,20170520,2017,5,May,2,20,Saturday,20,1
2017-05-21 21:10:35,20170521,2017,5,May,2,21,Sunday,20,1
2017-05-22 15:57:42,20170522,2017,5,May,2,22,Monday,21,0
2017-05-23 15:28:58,20170523,2017,5,May,2,23,Tuesday,21,0
2017-05-24 10:11:27,20170524,2017,5,May,2,24,Wednesday,21,0
2017-05-25 13:50:11,20170525,2017,5,May,2,25,Thursday,21,0
2017-05-26 18:35:51,20170526,2017,5,May,2,26,Friday,21,0
2017-05-27 03:23:02,20170527,2017,5,May,2,27,Saturday,21,1
2017-05-28 02:08:13,20170528,2017,5,May,2,28,Sunday,21,1
2017-05-29 12:35:44,20170529,2017,5,May,2,29,Monday,22,0
2017-05-30 20:44:31,20170530,2017,5,May,2,30,Tuesday,22,0
2017-05-31 20:57:49,20170531,2017,5,May,2,31,Wednesday,22,0
2017-06-01 10:52:29,20170601,2017,6,June,2,1,Thursday,22,0
2017-06-02 14:00:19,20170602,2017,6,June,2,2,Friday,22,0
2017-06-03 10:47:56,20170603,2017,6,June,2,3,Saturday,22,1
2017-06-04 10:05:59,20170604,2017,6,June,2,4,Sunday,22,1
2017-06-05 13:24:46,20170605,2017,6,June,2,5,Monday,23,0
2017-06-06 00:11:09,20170606,2017,6,June,2,6,Tuesday,23,0
2017-06-07 21:13:15,20170607,2017,6,June,2,7,Wednesday,23,0
2017-06-08 21:18:45,20170608,2017,6,June,2,8,Thursday,23,0
2017-06-09 13:14:12,20170609,2017,6,June,2,9,Friday,23,0
2017-06-10 18:02:25,20170610,2017,6,June,2,10,Saturday,23,1
2017-06-11 16:02:43,20170611,2017,6,June,2,11,Sunday,23,1
2017-06-12 23:00:43,20170612,2017,6,June,2,12,Monday,24,0
2017-06-13 21:11:26,20170613,2017,6,June,2,13,Tuesday,24,0
2017-06-14 19:49:48,20170614,2017,6,June,2,14,Wednesday,24,0
2017-06-15 16:02:23,20170615,2017,6,June,2,15,Thursday,24,0
2017-06-16 00:22:49,20170616,2017,6,June,2,16,Friday,24,0
2017-06-17 13:16:44,20170617,2017,6,June,2,17,Saturday,24,1
2017-06-18 19:51:54,20170618,2017,6,June,2,18,Sunday,24,1
2017-06-19 18:00:01,20170619,2017,6,June,2,19,Monday,25,0
2017-06-20 13:08:17,20170620,2017,6,June,2,20,Tuesday,25,0
2017-06-21 09:02:30,20170621,2017,6,June,2,21,Wednesday,25,0
2017-06-22 18:32:32,20170622,2017,6,June,2,22,Thursday,25,0
2017-06-23 11:23:50,20170623,2017,6,June,2,23,Friday,25,0
2017-06-24 17:11:53,20170624,2017,6,June,2,24,Saturday,25,1
2017-06-25 19:30:09,20170625,2017,6,June,2,25,Sunday,25,1
2017-06-26 07:04:39,20170626,2017,6,June,2,26,Monday,26,0
2017-06-27 23:11:57,20170627,2017,6,June,2,27,Tuesday,26,0
2017-06-28 20:47:14,20170628,2017,6,June,2,28,Wednesday,26,0
2017-06-29 00:10:49,20170629,2017,6,June,2,29,Thursday,26,0
2017-06-30 12:57:54,20170630,2017,6,June,2,30,Friday,26,0
2017-07-01 15:42:32,20170701,2017,7,July,3,1,Saturday,26,1
2017-07-02 20:47:24,20170702,2017,7,July,3,2,Sunday,26,1
2017-07-03 16:42:42,20170703,2017,7,July,3,3,Monday,27,0
2017-07-04 23:29:52,20170704,2017,7,July,3,4,Tuesday,27,0
2017-07-05 09:16:49,20170705,2017,7,July,3,5,Wednesday,27,0
2017-07-06 20:25:32,20170706,2017,7,July,3,6,Thursday,27,0
2017-07-07 17:16:39,20170707,2017,7,July,3,7,Friday,27,0
2017-07-08 14:12:08,20170708,2017,7,July,3,8,Saturday,27,1
2017-07-09 21:57:05,20170709,2017,7,July,3,9,Sunday,27,1
2017-07-10 12:23:05,20170710,2017,7,July,3,10,Monday,28,0
2017-07-11 17:46:45,20170711,2017,7,July,3,11,Tuesday,28,0
2017-07-12 18:45:24,20170712,2017,7,July,3,12,Wednesday,28,0
2017-07-13 19:58:11,20170713,2017,7,July,3,13,Thursday,28,0
2017-07-14 16:49:26,20170714,2017,7,July,3,14,Friday,28,0
2017-07-15 06:41:01,20170715,2017,7,July,3,15,Saturday,28,1
2017-07-16 10:27:45,20170716,2017,7,July,3,16,Sunday,28,1
2017-07-17 21:55:56,20170717,2017,7,July,3,17,Monday,29,0
2017-07-18 14:57:58,20170718,2017,7,July,3,18,Tuesday,29,0
2017-07-19 16:45:17,20170719,2017,7,July,3,19,Wednesday,29,0
2017-07-20 23:51:43,20170720,2017,7,July,3,20,Thursday,29,0
2017-07-21 07:31:26,20170721,2017,7,July,3,21,Friday,29,0
2017-07-22 19:16:47,20170722,2017,7,July,3,22,Saturday,29,1
2017-07-23 17:53:00,20170723,2017,7,July,3,23,Sunday,29,1
2017-07-24 17:19:00,20170724,2017,7,July,3,24,Monday,30,0
2017-07-25 22:57:29,20170725,2017,7,July,3,25,Tuesday,30,0
2017-07-26 13:47:20,20170726,2017,7,July,3,26,Wednesday,30,0
2017-07-27 23:29:11,20170727,2017,7,July,3,27,Thursday,30,0
2017-07-28 11:25:16,20170728,2017,7,July,3,28,Friday,30,0
2017-07-29 11:55:02,20170729,2017,7,July,3,29,Saturday,30,1
2017-07-30 03:06:35,20170730,2017,7,July,3,30,Sunday,30,1
2017-07-31 21:37:10,20170731,2017,7,July,3,31,Monday,31,0
2017-08-01 18:52:12,20170801,2017,8,August,3,1,Tuesday,31,0
2017-08-02 15:36:19,20170802,2017,8,August,3,2,Wednesday,31,0
2017-08-03 10:39:39,20170803,2017,8,August,3,3,Thursday,31,0
2017-08-04 17:10:39,20170804,2017,8,August,3,4,Friday,31,0
2017-08-05 19:30:41,20170805,2017,8,August,3,5,Saturday,31,1
2017-08-06 23:40:08,20170806,2017,8,August,3,6,Sunday,31,1
2017-08-07 09:25:20,20170807,2017,8,August,3,7,Monday,32,0
2017-08-08 10:46:08,20170808,2017,8,August,3,8,Tuesday,32,0
2017-08-09 20:19:05,20170809,2017,8,August,3,9,Wednesday,32,0
2017-08-10 11:58:33,20170810,2017,8,August,3,10,Thursday,32,0
2017-08-11 08:41:43,20170811,2017,8,August,3,11,Friday,32,0
2017-08-12 09:51:12,20170812,2017,8,August,3,12,Saturday,32,1
2017-08-13 20:31:03,20170813,2017,8,August,3,13,Sunday,32,1
2017-08-14 17:38:02,20170814,2017,8,August,3,14,Monday,33,0
2017-08-15 11:14:25,20170815,2017,8,August,3,15,Tuesday,33,0
2017-08-16 08:00:13,20170816,2017,8,August,3,16,Wednesday,33,0
2017-08-17 17:03:31,20170817,2017,8,August,3,17,Thursday,33,0
2017-08-18 00:12:37,20170818,2017,8,August,3,18,Friday,33,0
2017-08-19 18:48:58,20170819,2017,8,August,3,19,Saturday,33,1
2017-08-20 11:07:39,20170820,2017,8,August,3,20,Sunday,33,1
2017-08-21 19:33:15,20170821,2017,8,August,3,21,Monday,34,0
2017-08-22 18:53:15,20170822,2017,8,August,3,22,Tuesday,34,0
2017-08-23 15:40:22,20170823,2017,8,August,3,23,Wednesday,34,0
2017-08-24 19:35:00,20170824,2017,8,August,3,24,Thursday,34,0
2017-08-25 08:58:52,20170825,2017,8,August,3,25,Friday,34,0
2017-08-26 16:53:30,20170826,2017,8,August,3,26,Saturday,34,1
2017-08-27 20:44:40,20170827,2017,8,August,3,27,Sunday,34,1
2017-08-28 22:47:13,20170828,2017,8,August,3,28,Monday,35,0
2017-08-29 12:36:36,20170829,2017,8,August,3,29,Tuesday,35,0
2017-08-30 17:49:11,20170830,2017,8,August,3,30,Wednesday,35,0
2017-08-31 08:15:24,20170831,2017,8,August,3,31,Thursday,35,0
2017-09-01 22:52:49,20170901,2017,9,September,3,1,Friday,35,0
2017-09-02 23:23:01,20170902,2017,9,September,3,2,Saturday,35,1
2017-09-03 14:22:03,20170903,2017,9,September,3,3,Sunday,35,1
2017-09-04 11:39:25,20170904,2017,9,September,3,4,Monday,36,0
2017-09-05 18:24:22,20170905,2017,9,September,3,5,Tuesday,36,0
2017-09-06 10:15:27,20170906,2017,9,September,3,6,Wednesday,36,0
2017-09-07 04:14:08,20170907,2017,9,September,3,7,Thursday,36,0
2017-09-08 13:37:07,20170908,2017,9,September,3,8,Friday,36,0
2017-09-09 19:37:39,20170909,2017,9,September,3,9,Saturday,36,1
2017-09-10 22:32:14,20170910,2017,9,September,3,10,Sunday,36,1
2017-09-11 07:54:38,20170911,2017,9,September,3,11,Monday,37,0
2017-09-12 16:32:09,20170912,2017,9,September,3,12,Tuesday,37,0
2017-09-13 14:27:11,20170913,2017,9,September,3,13,Wednesday,37,0
2017-09-14 18:32:52,20170914,2017,9,September,3,14,Thursday,37,0
2017-09-15 09:19:48,20170915,2017,9,September,3,15,Friday,37,0
2017-09-16 09:20:26,20170916,2017,9,September,3,16,Saturday,37,1
2017-09-17 18:52:44,20170917,2017,9,September,3,17,Sunday,37,1
2017-09-18 14:31:30,20170918,2017,9,September,3,18,Monday,38,0
2017-09-19 22:17:15,20170919,2017,9,September,3,19,Tuesday,38,0
2017-09-20 17:12:34,20170920,2017,9,September,3,20,Wednesday,38,0
2017-09-21 22:33:55,20170921,2017,9,September,3,21,Thursday,38,0
2017-09-22 19:17:04,20170922,2017,9,September,3,22,Friday,38,0
2017-09-23 16:40:09,20170923,2017,9,September,3,23,Saturday,38,1
2017-09-24 20:25:49,20170924,2017,9,September,3,24,Sunday,38,1
2017-09-25 09:48:34,20170925,2017,9,September,3,25,Monday,39,0
2017-09-26 12:32:39,20170926,2017,9,September,3,26,Tuesday,39,0
2017-09-27 12:07:22,20170927,2017,9,September,3,27,Wednesday,39,0
2017-09-28 08:54:23,20170928,2017,9,September,3,28,Thursday,39,0
2017-09-29 09:32:17,20170929,2017,9,September,3,29,Friday,39,0
2017-09-30 19:19:56,20170930,2017,9,September,3,30,Saturday,39,1
2017-10-01 10:11:40,20171001,2017,10,October,4,1,Sunday,39,1
2017-10-02 10:56:33,20171002,2017,10,October,4,2,Monday,40,0
2017-10-03 09:08:42,20171003,2017,10,October,4,3,Tuesday,40,0
2017-10-04 23:02:21,20171004,2017,10,October,4,4,Wednesday,40,0
2017-10-05 05:23:47,20171005,2017,10,October,4,5,Thursday,40,0
2017-10-06 18:22:19,20171006,2017,10,October,4,6,Friday,40,0
2017-10-07 20:37:26,20171007,2017,10,October,4,7,Saturday,40,1
2017-10-08 14:53:58,20171008,2017,10,October,4,8,Sunday,40,1
2017-10-09 19:42:43,20171009,2017,10,October,4,9,Monday,41,0
2017-10-10 23:51:07,20171010,2017,10,October,4,10,Tuesday,41,0
2017-10-11 17:31:49,20171011,2017,10,October,4,11,Wednesday,41,0
2017-10-12 23:11:44,20171012,2017,10,October,4,12,Thursday,41,0
2017-10-13 10:15:28,20171013,2017,10,October,4,13,Friday,41,0
2017-10-14 19:33:54,20171014,2017,10,October,4,14,Saturday,41,1
2017-10-15 01:57:18,20171015,2017,10,October,4,15,Sunday,41,1
2017-10-16 14:56:50,20171016,2017,10,October,4,16,Monday,42,0
2017-10-17 18:22:05,20171017,2017,10,October,4,17,Tuesday,42,0
2017-10-18 16:44:45,20171018,2017,10,October,4,18,Wednesday,42,0
2017-10-19 15:08:48,20171019,2017,10,October,4,19,Thursday,42,0
2017-10-20 14:00:10,20171020,2017,10,October,4,20,Friday,42,0
2017-10-21 16:31:37,20171021,2017,10,October,4,21,Saturday,42,1
2017-10-22 14:25:40,20171022,2017,10,October,4,22,Sunday,42,1
2017-10-23 23:35:39,20171023,2017,10,October,4,23,Monday,43,0
2017-10-24 14:23:58,20171024,2017,10,October,4,24,Tuesday,43,0
2017-10-25 13:32:46,20171025,2017,10,October,4,25,Wednesday,43,0
2017-10-26 15:54:26,20171026,2017,10,October,4,26,Thursday,43,0
2017-10-27 19:00:02,20171027,2017,10,October,4,27,Friday,43,0
2017-10-28 21:26:26,20171028,2017,10,October,4,28,Saturday,43,1
2017-10-29 23:44:13,20171029,2017,10,October,4,29,Sunday,43,1
2017-10-30 19:03:45,20171030,2017,10,October,4,30,Monday,44,0
2017-10-31 09:59:07,20171031,2017,10,October,4,31,Tuesday,44,0
2017-11-01 19:01:18,20171101,2017,11,November,4,1,Wednesday,44,0
2017-11-02 14:51:11,20171102,2017,11,November,4,2,Thursday,44,0
2017-11-03 12:56:49,20171103,2017,11,November,4,3,Friday,44,0
2017-11-04 12:14:16,20171104,2017,11,November,4,4,Saturday,44,1
2017-11-05 11:12:52,20171105,2017,11,November,4,5,Sunday,44,1
2017-11-06 18:20:00,20171106,2017,11,November,4,6,Monday,45,0
2017-11-07 09:23:40,20171107,2017,11,November,4,7,Tuesday,45,0
2017-11-08 17:08:56,20171108,2017,11,November,4,8,Wednesday,45,0
2017-11-09 21:08:01,20171109,2017,11,November,4,9,Thursday,45,0
2017-11-10 17:21:48,20171110,2017,11,November,4,10,Friday,45,0
2017-11-11 22:16:49,20171111,2017,11,November,4,11,Saturday,45,1
2017-11-12 17:39:03,20171112,2017,11,November,4,12,Sunday,45,1
2017-11-13 10:07:36,20171113,2017,11,November,4,13,Monday,46,0
2017-11-14 08:13:32,20171114,2017,11,November,4,14,Tuesday,46,0
2017-11-15 11:31:41,20171115,2017,11,November,4,15,Wednesday,46,0
2017-11-16 14:32:06,20171116,2017,11,November,4,16,Thursday,46,0
2017-11-17 21:14:42,20171117,2017,11,November,4,17,Friday,46,0
2017-11-18 19:28:06,20171118,2017,11,November,4,18,Saturday,46,1
2017-11-19 16:12:34,20171119,2017,11,November,4,19,Sunday,46,1
2017-11-20 16:21:04,20171120,2017,11,November,4,20,Monday,47,0
2017-11-21 00:03:41,20171121,2017,11,November,4,21,Tuesday,47,0
2017-11-22 11:32:22,20171122,2017,11,November,4,22,Wednesday,47,0
2017-11-23 14:31:36,20171123,2017,11,November,4,23,Thursday,47,0
2017-11-24 21:27:48,20171124,2017,11,November,4,24,Friday,47,0
2017-11-25 16:23:49,20171125,2017,11,November,4,25,Saturday,47,1
2017-11-26 17:49:46,20171126,2017,11,November,4,26,Sunday,47,1
2017-11-27 19:24:52,20171127,2017,11,November,4,27,Monday,48,0
2017-11-28 21:00:44,20171128,2017,11,November,4,28,Tuesday,48,0
2017-11-29 17:43:34,20171129,2017,11,November,4,29,Wednesday,48,0
2017-11-30 22:02:15,20171130,2017,11,November,4,30,Thursday,48,0
2017-12-01 20:39:26,20171201,2017,12,December,4,1,Friday,48,0
2017-12-02 14:28:03,20171202,2017,12,December,4,2,Saturday,48,1
2017-12-03 20:22:53,20171203,2017,12,December,4,3,Sunday,48,1
2017-12-04 17:24:57,20171204,2017,12,December,4,4,Monday,49,0
2017-12-05 10:34:52,20171205,2017,12,December,4,5,Tuesday,49,0
2017-12-06 15:26:09,20171206,2017,12,December,4,6,Wednesday,49,0
2017-12-07 09:40:04,20171207,2017,12,December,4,7,Thursday,49,0
2017-12-08 09:42:43,20171208,2017,12,December,4,8,Friday,49,0
2017-12-09 17:27:58,20171209,2017,12,December,4,9,Saturday,49,1
2017-12-10 23:35:48,20171210,2017,12,December,4,10,Sunday,49,1
2017-12-11 21:43:24,20171211,2017,12,December,4,11,Monday,50,0
2017-12-12 13:56:04,20171212,2017,12,December,4,12,Tuesday,50,0
2017-12-13 17:00:56,20171213,2017,12,December,4,13,Wednesday,50,0
2017-12-14 09:06:34,20171214,2017,12,December,4,14,Thursday,50,0
2017-12-15 00:06:10,20171215,2017,12,December,4,15,Friday,50,0
2017-12-16 13:51:18,20171216,2017,12,December,4,16,Saturday,50,1
2017-12-17 19:40:26,20171217,2017,12,December,4,17,Sunday,50,1
2017-12-18 06:12:28,20171218,2017,12,December,4,18,Monday,51,0
2017-12-19 13:02:13,20171219,2017,12,December,4,19,Tuesday,51,0
2017-12-20 23:45:07,20171220,2017,12,December,4,20,Wednesday,51,0
2017-12-21 17:43:41,20171221,2017,12,December,4,21,Thursday,51,0
2017-12-22 00:17:37,20171222,2017,12,December,4,22,Friday,51,0
2017-12-23 15:50:03,20171223,2017,12,December,4,23,Saturday,51,1
2017-12-24 17:34:12,20171224,2017,12,December,4,24,Sunday,51,1
2017-12-25 20:14:34,20171225,2017,12,December,4,25,Monday,52,0
2017-12-26 23:41:31,20171226,2017,12,December,4,26,Tuesday,52,0
2017-12-27 19:19:44,20171227,2017,12,December,4,27,Wednesday,52,0
2017-12-28 18:40:56,20171228,2017,12,December,4,28,Thursday,52,0
2017-12-29 20:50:35,20171229,2017,12,December,4,29,Friday,52,0
2017-12-30 13:46:14,20171230,2017,12,December,4,30,Saturday,52,1
2017-12-31 19:28:24,20171231,2017,12,December,4,31,Sunday,52,1
2018-01-01 23:15:14,20180101,2018,1,January,1,1,Monday,1,0
2018-01-02 19:00:43,20180102,2018,1,January,1,2,Tuesday,1,0
2018-01-03 16:29:52,20180103,2018,1,January,1,3,Wednesday,1,0
2018-01-04 13:14:34,20180104,2018,1,January,1,4,Thursday,1,0
2018-01-05 11:04:11,20180105,2018,1,January,1,5,Friday,1,0
2018-01-06 21:37:54,20180106,2018,1,January,1,6,Saturday,1,1
2018-01-07 21:44:54,20180107,2018,1,January,1,7,Sunday,1,1
2018-01-08 07:55:29,20180108,2018,1,January,1,8,Monday,2,0
2018-01-09 06:37:43,20180109,2018,1,January,1,9,Tuesday,2,0
2018-01-10 14:18:40,20180110,2018,1,January,1,10,Wednesday,2,0
2018-01-11 16:51:17,20180111,2018,1,January,1,11,Thursday,2,0
2018-01-12 19:27:08,20180112,2018,1,January,1,12,Friday,2,0
2018-01-13 08:19:23,20180113,2018,1,January,1,13,Saturday,2,1
2018-01-14 18:49:14,20180114,2018,1,January,1,14,Sunday,2,1
2018-01-15 00:14:21,20180115,2018,1,January,1,15,Monday,3,0
2018-01-16 22:34:16,20180116,2018,1,January,1,16,Tuesday,3,0
2018-01-17 09:55:37,20180117,2018,1,January,1,17,Wednesday,3,0
2018-01-18 09:30:54,20180118,2018,1,January,1,18,Thursday,3,0
2018-01-19 21:07:32,20180119,2018,1,January,1,19,Friday,3,0
2018-01-20 12:31:43,20180120,2018,1,January,1,20,Saturday,3,1
2018-01-21 16:46:04,20180121,2018,1,January,1,21,Sunday,3,1
2018-01-22 19:22:22,20180122,2018,1,January,1,22,Monday,4,0
2018-01-23 10:32:39,20180123,2018,1,January,1,23,Tuesday,4,0
2018-01-24 11:40:28,20180124,2018,1,January,1,24,Wednesday,4,0
2018-01-25 23:13:41,20180125,2018,1,January,1,25,Thursday,4,0
2018-01-26 13:32:22,20180126,2018,1,January,1,26,Friday,4,0
2018-01-27 22:04:34,20180127,2018,1,January,1,27,Saturday,4,1
2018-01-28 11:47:10,20180128,2018,1,January,1,28,Sunday,4,1
2018-01-29 13:38:02,20180129,2018,1,January,1,29,Monday,5,0
2018-01-30 07:51:17,20180130,2018,1,January,1,30,Tuesday,5,0
2018-01-31 13:21:44,20180131,2018,1,January,1,31,Wednesday,5,0
2018-02-01 14:02:19,20180201,2018,2,February,1,1,Thursday,5,0
2018-02-02 16:15:41,20180202,2018,2,February,1,2,Friday,5,0
2018-02-03 20:37:35,20180203,2018,2,February,1,3,Saturday,5,1
2018-02-04 19:34:05,20180204,2018,2,February,1,4,Sunday,5,1
2018-02-05 17:27:54,20180205,2018,2,February,1,5,Monday,6,0
2018-02-06 21:09:10,20180206,2018,2,February,1,6,Tuesday,6,0
2018-02-07 08:04:29,20180207,2018,2,February,1,7,Wednesday,6,0
2018-02-08 18:56:45,20180208,2018,2,February,1,8,Thursday,6,0
2018-02-09 13:48:17,20180209,2018,2,February,1,9,Friday,6,0
2018-02-10 13:26:59,20180210,2018,2,February,1,10,Saturday,6,1
2018-02-11 14:13:54,20180211,2018,2,February,1,11,Sunday,6,1
2018-02-12 17:33:54,20180212,2018,2,February,1,12,Monday,7,0
2018-02-13 21:18:39,20180213,2018,2,February,1,13,Tuesday,7,0
2018-02-14 13:05:17,20180214,2018,2,February,1,14,Wednesday,7,0
2018-02-15 10:33:30,20180215,2018,2,February,1,15,Thursday,7,0
2018-02-16 09:17:44,20180216,2018,2,February,1,16,Friday,7,0
2018-02-17 15:59:46,20180217,2018,2,February,1,17,Saturday,7,1
2018-02-18 00:10:50,20180218,2018,2,February,1,18,Sunday,7,1
2018-02-19 20:31:09,20180219,2018,2,February,1,19,Monday,8,0
2018-02-20 23:46:53,20180220,2018,2,February,1,20,Tuesday,8,0
2018-02-21 18:15:12,20180221,2018,2,February,1,21,Wednesday,8,0
2018-02-22 15:04:08,20180222,2018,2,February,1,22,Thursday,8,0
2018-02-23 13:12:12,20180223,2018,2,February,1,23,Friday,8,0
2018-02-24 08:45:01,20180224,2018,2,February,1,24,Saturday,8,1
2018-02-25 13:50:30,20180225,2018,2,February,1,25,Sunday,8,1
2018-02-26 11:06:56,20180226,2018,2,February,1,26,Monday,9,0
2018-02-27 12:55:42,20180227,2018,2,February,1,27,Tuesday,9,0
2018-02-28 17:00:28,20180228,2018,2,February,1,28,Wednesday,9,0
2018-03-01 14:14:28,20180301,2018,3,March,1,1,Thursday,9,0
2018-03-02 11:04:18,20180302,2018,3,March,1,2,Friday,9,0
2018-03-03 17:11:33,20180303,2018,3,March,1,3,Saturday,9,1
2018-03-04 15:58:09,20180304,2018,3,March,1,4,Sunday,9,1
2018-03-05 08:58:05,20180305,2018,3,March,1,5,Monday,10,0
2018-03-06 14:21:57,20180306,2018,3,March,1,6,Tuesday,10,0
2018-03-07 23:00:33,20180307,2018,3,March,1,7,Wednesday,10,0
2018-03-08 15:59:11,20180308,2018,3,March,1,8,Thursday,10,0
2018-03-09 14:50:15,20180309,2018,3,March,1,9,Friday,10,0
2018-03-10 23:24:50,20180310,2018,3,March,1,10,Saturday,10,1
2018-03-11 22:14:38,20180311,2018,3,March,1,11,Sunday,10,1
2018-03-12 01:50:26,20180312,2018,3,March,1,12,Monday,11,0
2018-03-13 19:10:37,20180313,2018,3,March,1,13,Tuesday,11,0
2018-03-14 11:22:37,20180314,2018,3,March,1,14,Wednesday,11,0
2018-03-15 08:52:40,20180315,2018,3,March,1,15,Thursday,11,0
2018-03-16 11:31:18,20180316,2018,3,March,1,16,Friday,11,0
2018-03-17 15:21:11,20180317,2018,3,March,1,17,Saturday,11,1
2018-03-18 20:59:28,20180318,2018,3,March,1,18,Sunday,11,1
2018-03-19 21:50:14,20180319,2018,3,March,1,19,Monday,12,0
2018-03-20 14:27:23,20180320,2018,3,March,1,20,Tuesday,12,0
2018-03-21 15:30:57,20180321,2018,3,March,1,21,Wednesday,12,0
2018-03-22 21:26:26,20180322,2018,3,March,1,22,Thursday,12,0
2018-03-23 11:43:13,20180323,2018,3,March,1,23,Friday,12,0
2018-03-24 11:58:06,20180324,2018,3,March,1,24,Saturday,12,1
2018-03-25 16:43:56,20180325,2018,3,March,1,25,Sunday,12,1
2018-03-26 17:12:18,20180326,2018,3,March,1,26,Monday,13,0
2018-03-27 22:14:59,20180327,2018,3,March,1,27,Tuesday,13,0
2018-03-28 19:30:57,20180328,2018,3,March,1,28,Wednesday,13,0
2018-03-29 14:27:41,20180329,2018,3,March,1,29,Thursday,13,0
2018-03-30 23:11:40,20180330,2018,3,March,1,30,Friday,13,0
2018-03-31 14:20:46,20180331,2018,3,March,1,31,Saturday,13,1
2018-04-01 18:27:01,20180401,2018,4,April,2,1,Sunday,13,1
2018-04-02 13:01:06,20180402,2018,4,April,2,2,Monday,14,0
2018-04-03 13:47:14,20180403,2018,4,April,2,3,Tuesday,14,0
2018-04-04 08:39:50,20180404,2018,4,April,2,4,Wednesday,14,0
2018-04-05 18:34:49,20180405,2018,4,April,2,5,Thursday,14,0
2018-04-06 19:17:22,20180406,2018,4,April,2,6,Friday,14,0
2018-04-07 14:12:15,20180407,2018,4,April,2,7,Saturday,14,1
2018-04-08 13:20:21,20180408,2018,4,April,2,8,Sunday,14,1
2018-04-09 13:56:45,20180409,2018,4,April,2,9,Monday,15,0
2018-04-10 14:58:16,20180410,2018,4,April,2,10,Tuesday,15,0
2018-04-11 22:32:31,20180411,2018,4,April,2,11,Wednesday,15,0
2018-04-12 14:37:29,20180412,2018,4,April,2,12,Thursday,15,0
2018-04-13 08:44:17,20180413,2018,4,April,2,13,Friday,15,0
2018-04-14 18:31:02,20180414,2018,4,April,2,14,Saturday,15,1
2018-04-15 19:42:06,20180415,2018,4,April,2,15,Sunday,15,1
2018-04-16 21:15:39,20180416,2018,4,April,2,16,Monday,16,0
2018-04-17 11:25:39,20180417,2018,4,April,2,17,Tuesday,16,0
2018-04-18 20:13:31,20180418,2018,4,April,2,18,Wednesday,16,0
2018-04-19 19:34:08,20180419,2018,4,April,2,19,Thursday,16,0
2018-04-20 12:53:58,20180420,2018,4,April,2,20,Friday,16,0
2018-04-21 14:18:28,20180421,2018,4,April,2,21,Saturday,16,1
2018-04-22 08:48:13,20180422,2018,4,April,2,22,Sunday,16,1
2018-04-23 10:50:18,20180423,2018,4,April,2,23,Monday,17,0
2018-04-24 22:18:53,20180424,2018,4,April,2,24,Tuesday,17,0
2018-04-25 22:18:10,20180425,2018,4,April,2,25,Wednesday,17,0
2018-04-26 11:59:05,20180426,2018,4,April,2,26,Thursday,17,0
2018-04-27 01:41:23,20180427,2018,4,April,2,27,Friday,17,0
2018-04-28 22:02:50,20180428,2018,4,April,2,28,Saturday,17,1
2018-04-29 14:31:40,20180429,2018,4,April,2,29,Sunday,17,1
2018-04-30 20:24:33,20180430,2018,4,April,2,30,Monday,18,0
2018-05-01 08:12:37,20180501,2018,5,May,2,1,Tuesday,18,0
2018-05-02 11:45:38,20180502,2018,5,May,2,2,Wednesday,18,0
2018-05-03 14:31:13,20180503,2018,5,May,2,3,Thursday,18,0
2018-05-04 10:29:14,20180504,2018,5,May,2,4,Friday,18,0
2018-05-05 09:22:24,20180505,2018,5,May,2,5,Saturday,18,1
2018-05-06 10:27:56,20180506,2018,5,May,2,6,Sunday,18,1
2018-05-07 21:49:08,20180507,2018,5,May,2,7,Monday,19,0
2018-05-08 22:12:34,20180508,2018,5,May,2,8,Tuesday,19,0
2018-05-09 18:27:00,20180509,2018,5,May,2,9,Wednesday,19,0
2018-05-10 16:04:42,20180510,2018,5,May,2,10,Thursday,19,0
2018-05-11 13:10:51,20180511,2018,5,May,2,11,Friday,19,0
2018-05-12 00:18:28,20180512,2018,5,May,2,12,Saturday,19,1
2018-05-13 22:50:32,20180513,2018,5,May,2,13,Sunday,19,1
2018-05-14 08:35:33,20180514,2018,5,May,2,14,Monday,20,0
2018-05-15 19:55:51,20180515,2018,5,May,2,15,Tuesday,20,0
2018-05-16 16:10:21,20180516,2018,5,May,2,16,Wednesday,20,0
2018-05-17 16:59:11,20180517,2018,5,May,2,17,Thursday,20,0
2018-05-18 11:26:45,20180518,2018,5,May,2,18,Friday,20,0
2018-05-19 12:14:08,20180519,2018,5,May,2,19,Saturday,20,1
2018-05-20 10:33:47,20180520,2018,5,May,2,20,Sunday,20,1
2018-05-21 13:16:36,20180521,2018,5,May,2,21,Monday,21,0
2018-05-22 18:50:55,20180522,2018,5,May,2,22,Tuesday,21,0
2018-05-23 16:37:35,20180523,2018,5,May,2,23,Wednesday,21,0
2018-05-24 12:16:48,20180524,2018,5,May,2,24,Thursday,21,0
2018-05-25 08:54:21,20180525,2018,5,May,2,25,Friday,21,0
2018-05-26 23:52:17,20180526,2018,5,May,2,26,Saturday,21,1
2018-05-27 17:59:00,20180527,2018,5,May,2,27,Sunday,21,1
2018-05-28 12:53:12,20180528,2018,5,May,2,28,Monday,22,0
2018-05-29 23:14:39,20180529,2018,5,May,2,29,Tuesday,22,0
2018-05-30 22:33:08,20180530,2018,5,May,2,30,Wednesday,22,0
2018-05-31 10:16:12,20180531,2018,5,May,2,31,Thursday,22,0
2018-06-01 12:23:13,20180601,2018,6,June,2,1,Friday,22,0
2018-06-02 00:36:12,20180602,2018,6,June,2,2,Saturday,22,1
2018-06-03 18:24:33,20180603,2018,6,June,2,3,Sunday,22,1
2018-06-04 00:00:13,20180604,2018,6,June,2,4,Monday,23,0
2018-06-05 09:10:34,20180605,2018,6,June,2,5,Tuesday,23,0
2018-06-06 14:21:47,20180606,2018,6,June,2,6,Wednesday,23,0
2018-06-07 10:06:19,20180607,2018,6,June,2,7,Thursday,23,0
2018-06-08 12:19:58,20180608,2018,6,June,2,8,Friday,23,0
2018-06-09 11:02:51,20180609,2018,6,June,2,9,Saturday,23,1
2018-06-10 15:44:20,20180610,2018,6,June,2,10,Sunday,23,1
2018-06-11 10:25:52,20180611,2018,6,June,2,11,Monday,24,0
2018-06-12 09:52:46,20180612,2018,6,June,2,12,Tuesday,24,0
2018-06-13 13:47:39,20180613,2018,6,June,2,13,Wednesday,24,0
2018-06-14 18:37:58,20180614,2018,6,June,2,14,Thursday,24,0
2018-06-15 21:45:12,20180615,2018,6,June,2,15,Friday,24,0
2018-06-16 19:05:54,20180616,2018,6,June,2,16,Saturday,24,1
2018-06-17 21:03:46,20180617,2018,6,June,2,17,Sunday,24,1
2018-06-18 16:02:23,20180618,2018,6,June,2,18,Monday,25,0
2018-06-19 00:26:23,20180619,2018,6,June,2,19,Tuesday,25,0
2018-06-20 16:44:28,20180620,2018,6,June,2,20,Wednesday,25,0
2018-06-21 10:46:55,20180621,2018,6,June,2,21,Thursday,25,0
2018-06-22 13:43:19,20180622,2018,6,June,2,22,Friday,25,0
2018-06-23 19:24:21,20180623,2018,6,June,2,23,Saturday,25,1
2018-06-24 19:01:52,20180624,2018,6,June,2,24,Sunday,25,1
2018-06-25 15:36:18,20180625,2018,6,June,2,25,Monday,26,0
2018-06-26 13:42:52,20180626,2018,6,June,2,26,Tuesday,26,0
2018-06-27 11:10:11,20180627,2018,6,June,2,27,Wednesday,26,0
2018-06-28 11:08:58,20180628,2018,6,June,2,28,Thursday,26,0
2018-06-29 18:39:21,20180629,2018,6,June,2,29,Friday,26,0
2018-06-30 21:57:55,20180630,2018,6,June,2,30,Saturday,26,1
2018-07-01 20:54:21,20180701,2018,7,July,3,1,Sunday,26,1
2018-07-02 12:54:20,20180702,2018,7,July,3,2,Monday,27,0
2018-07-03 01:17:32,20180703,2018,7,July,3,3,Tuesday,27,0
2018-07-04 16:49:21,20180704,2018,7,July,3,4,Wednesday,27,0
2018-07-05 18:40:47,20180705,2018,7,July,3,5,Thursday,27,0
2018-07-06 23:36:15,20180706,2018,7,July,3,6,Friday,27,0
2018-07-07 20:04:55,20180707,2018,7,July,3,7,Saturday,27,1
2018-07-08 22:01:30,20180708,2018,7,July,3,8,Sunday,27,1
2018-07-09 08:40:38,20180709,2018,7,July,3,9,Monday,28,0
2018-07-10 18:01:12,20180710,2018,7,July,3,10,Tuesday,28,0
2018-07-11 17:22:56,20180711,2018,7,July,3,11,Wednesday,28,0
2018-07-12 20:24:07,20180712,2018,7,July,3,12,Thursday,28,0
2018-07-13 15:45:51,20180713,2018,7,July,3,13,Friday,28,0
2018-07-14 16:32:00,20180714,2018,7,July,3,14,Saturday,28,1
2018-07-15 08:33:19,20180715,2018,7,July,3,15,Sunday,28,1
2018-07-16 23:40:37,20180716,2018,7,July,3,16,Monday,29,0
2018-07-17 21:25:29,20180717,2018,7,July,3,17,Tuesday,29,0
2018-07-18 13:39:54,20180718,2018,7,July,3,18,Wednesday,29,0
2018-07-19 08:45:23,20180719,2018,7,July,3,19,Thursday,29,0
2018-07-20 11:46:49,20180720,2018,7,July,3,20,Friday,29,0
2018-07-21 12:49:32,20180721,2018,7,July,3,21,Saturday,29,1
2018-07-22 15:19:05,20180722,2018,7,July,3,22,Sunday,29,1
2018-07-23 18:27:07,20180723,2018,7,July,3,23,Monday,30,0
2018-07-24 20:41:37,20180724,2018,7,July,3,24,Tuesday,30,0
2018-07-25 17:44:10,20180725,2018,7,July,3,25,Wednesday,30,0
2018-07-26 14:39:59,20180726,2018,7,July,3,26,Thursday,30,0
2018-07-27 12:45:51,20180727,2018,7,July,3,27,Friday,30,0
2018-07-28 16:52:55,20180728,2018,7,July,3,28,Saturday,30,1
2018-07-29 23:34:51,20180729,2018,7,July,3,29,Sunday,30,1
2018-07-30 22:41:44,20180730,2018,7,July,3,30,Monday,31,0
2018-07-31 16:16:19,20180731,2018,7,July,3,31,Tuesday,31,0
2018-08-01 10:48:19,20180801,2018,8,August,3,1,Wednesday,31,0
2018-08-02 14:41:02,20180802,2018,8,August,3,2,Thursday,31,0
2018-08-03 08:59:39,20180803,2018,8,August,3,3,Friday,31,0
2018-08-04 23:25:30,20180804,2018,8,August,3,4,Saturday,31,1
2018-08-05 13:09:48,20180805,2018,8,August,3,5,Sunday,31,1
2018-08-06 09:12:33,20180806,2018,8,August,3,6,Monday,32,0
2018-08-07 14:12:05,20180807,2018,8,August,3,7,Tuesday,32,0
2018-08-08 08:38:49,20180808,2018,8,August,3,8,Wednesday,32,0
2018-08-09 11:44:40,20180809,2018,8,August,3,9,Thursday,32,0
2018-08-10 13:42:06,20180810,2018,8,August,3,10,Friday,32,0
2018-08-11 20:58:44,20180811,2018,8,August,3,11,Saturday,32,1
2018-08-12 12:04:03,20180812,2018,8,August,3,12,Sunday,32,1
2018-08-13 14:16:15,20180813,2018,8,August,3,13,Monday,33,0
2018-08-14 17:48:09,20180814,2018,8,August,3,14,Tuesday,33,0
2018-08-15 16:30:22,20180815,2018,8,August,3,15,Wednesday,33,0
2018-08-16 10:39:48,20180816,2018,8,August,3,16,Thursday,33,0
2018-08-17 07:59:51,20180817,2018,8,August,3,17,Friday,33,0
2018-08-18 10:33:27,20180818,2018,8,August,3,18,Saturday,33,1
2018-08-19 11:28:11,20180819,2018,8,August,3,19,Sunday,33,1
2018-08-20 18:24:30,20180820,2018,8,August,3,20,Monday,34,0
2018-08-21 16:45:44,20180821,2018,8,August,3,21,Tuesday,34,0
2018-08-22 16:10:29,20180822,2018,8,August,3,22,Wednesday,34,0
2018-08-23 14:56:46,20180823,2018,8,August,3,23,Thursday,34,0
2018-08-24 19:01:02,20180824,2018,8,August,3,24,Friday,34,0
2018-08-25 22:17:18,20180825,2018,8,August,3,25,Saturday,34,1
2018-08-26 22:04:34,20180826,2018,8,August,3,26,Sunday,34,1
2018-08-27 13:57:36,20180827,2018,8,August,3,27,Monday,35,0
2018-08-28 10:44:03,20180828,2018,8,August,3,28,Tuesday,35,0
2018-08-29 16:27:49,20180829,2018,8,August,3,29,Wednesday,35,0
2018-08-30 10:14:00,20180830,2018,8,August,3,30,Thursday,35,0
2018-08-31 16:13:44,20180831,2018,8,August,3,31,Friday,35,0
2018-09-03 18:40:50,20180903,2018,9,September,3,3,Monday,36,0
2018-09-06 14:50:07,20180906,2018,9,September,3,6,Thursday,36,0
2018-09-10 17:51:25,20180910,2018,9,September,3,10,Monday,37,0
2018-09-11 16:45:54,20180911,2018,9,September,3,11,Tuesday,37,0
2018-09-12 15:32:16,20180912,2018,9,September,3,12,Wednesday,37,0
2018-09-13 09:56:12,20180913,2018,9,September,3,13,Thursday,37,0
2018-09-17 17:21:16,20180917,2018,9,September,3,17,Monday,38,0
2018-09-20 13:54:16,20180920,2018,9,September,3,20,Thursday,38,0
2018-09-25 11:59:18,20180925,2018,9,September,3,25,Tuesday,39,0
2018-09-26 08:40:15,20180926,2018,9,September,3,26,Wednesday,39,0
2018-09-29 09:13:03,20180929,2018,9,September,3,29,Saturday,39,1
2018-10-01 15:30:09,20181001,2018,10,October,4,1,Monday,40,0
2018-10-03 18:55:29,20181003,2018,10,October,4,3,Wednesday,40,0
2018-10-16 20:16:02,20181016,2018,10,October,4,16,Tuesday,42,0
2018-10-17 17:30:18,20181017,2018,10,October,4,17,Wednesday,42,0
